{
    "test": {
        "ML": {
            "MSE_avg": {
                "a_or": 3354.459228515625,
                "a_ex": 4435.2802734375,
                "p_or": 425.94189453125,
                "p_ex": 439.6487121582031,
                "v_or": 523.0578002929688,
                "v_ex": 423.4686279296875
            },
            "MAE_avg": {
                "a_or": 37.516780853271484,
                "a_ex": 41.4253044128418,
                "p_or": 13.200732231140137,
                "p_ex": 13.611082077026367,
                "v_or": 15.331380844116211,
                "v_ex": 13.934867858886719
            },
            "MAPE_avg": {
                "a_or": 3634286167064576.0,
                "a_ex": 4204546154823680.0,
                "p_or": 916241480941568.0,
                "p_ex": 903577568542720.0,
                "v_or": 3584028875685888.0,
                "v_ex": 3327822802190336.0
            },
            "MAPE_90_avg": {
                "a_or": 0.32950025772722347,
                "a_ex": 0.33354245100592844,
                "p_or": 0.42832515080850475,
                "p_ex": 0.4486314888641051,
                "v_or": 0.1272807169943721,
                "v_ex": 0.12952642809851658
            },
            "MAPE_10_avg": {
                "a_or": 0.3216128967618925,
                "a_ex": 0.3409434870953542,
                "p_or": 0.6235065966916626,
                "p_ex": 0.6613539166888264,
                "v_or": 0.09251116023787688,
                "v_ex": 0.08988041652871841
            },
            "TIME_INF": 2.7611305280588567
        },
        "Physics": {
            "CURRENT_POS": {
                "a_or": {
                    "Error": 127440.0703125,
                    "Violation_proportion": 0.0011679569892473118
                },
                "a_ex": {
                    "Error": 74321.3125,
                    "Violation_proportion": 0.0006591397849462366
                }
            },
            "VOLTAGE_POS": {
                "v_or": {
                    "Violation_proportion": 0.0
                },
                "v_ex": {
                    "Violation_proportion": 0.0
                }
            },
            "LOSS_POS": {
                "loss_criterion": 61872692.0,
                "violation_proportion": 0.5006268279569892
            },
            "DISC_LINES": {
                "p_or": 1.0,
                "p_ex": 1.0,
                "a_or": 1.0,
                "a_ex": 1.0,
                "v_or": 1.0,
                "v_ex": 1.0,
                "violation_proportion": 1.0
            },
            "CHECK_LOSS": {
                "violation_percentage": 3.633
            },
            "CHECK_GC": {
                "violation_percentage": 99.99900000000001,
                "mae": 61.71371,
                "wmape": 0.8445877
            },
            "CHECK_LC": {
                "violation_percentage": 99.92816949152542,
                "mae": 14.012872756003084,
                "mape": 0.3888312714793846
            },
            "CHECK_JOULE_LAW": {
                "violation_proportion": 0.9939005202312139,
                "mae": 2.131375303130768,
                "wmape": 0.9511252737705992
            }
        },
        "IndRed": {
            "TIME_INF": 2.0141996419988573
        }
    },
    "test_ood_topo": {
        "ML": {
            "MSE_avg": {
                "a_or": 3980.48486328125,
                "a_ex": 5361.0771484375,
                "p_or": 501.51214599609375,
                "p_ex": 514.884033203125,
                "v_or": 679.0859985351562,
                "v_ex": 548.1033935546875
            },
            "MAE_avg": {
                "a_or": 39.6737174987793,
                "a_ex": 43.83250045776367,
                "p_or": 13.880195617675781,
                "p_ex": 14.300389289855957,
                "v_or": 16.51036834716797,
                "v_ex": 15.032052993774414
            },
            "MAPE_avg": {
                "a_or": 7164170269097984.0,
                "a_ex": 8324444946694144.0,
                "p_or": 1807843002941440.0,
                "p_ex": 1786418363891712.0,
                "v_or": 7151070618845184.0,
                "v_ex": 6631872960397312.0
            },
            "MAPE_90_avg": {
                "a_or": 0.3501884314529523,
                "a_ex": 0.35357082351628877,
                "p_or": 0.451294835594911,
                "p_ex": 0.46992063168940273,
                "v_or": 0.1370768362223116,
                "v_ex": 0.13859695764749802
            },
            "MAPE_10_avg": {
                "a_or": 0.3345540751024613,
                "a_ex": 0.3551278710418172,
                "p_or": 0.6493507788505132,
                "p_ex": 0.6867551928498519,
                "v_or": 0.0949064219593709,
                "v_ex": 0.09236505749451733
            }
        },
        "Physics": {
            "CURRENT_POS": {
                "a_or": {
                    "Error": 238082.96875,
                    "Violation_proportion": 0.0011693010752688172
                },
                "a_ex": {
                    "Error": 130739.21875,
                    "Violation_proportion": 0.0005722580645161291
                }
            },
            "VOLTAGE_POS": {
                "v_or": {
                    "Violation_proportion": 0.0
                },
                "v_ex": {
                    "Violation_proportion": 0.0
                }
            },
            "LOSS_POS": {
                "loss_criterion": 125461110.0,
                "violation_proportion": 0.5005491129032258
            },
            "DISC_LINES": {
                "p_or": 1.0,
                "p_ex": 1.0,
                "a_or": 1.0,
                "a_ex": 1.0,
                "v_or": 1.0,
                "v_ex": 1.0,
                "violation_proportion": 1.0
            },
            "CHECK_LOSS": {
                "violation_percentage": 3.7699999999999996
            },
            "CHECK_GC": {
                "violation_percentage": 99.9985,
                "mae": 62.78554,
                "wmape": 0.84248847
            },
            "CHECK_LC": {
                "violation_percentage": 99.92801694915255,
                "mae": 13.986878292393575,
                "mape": 0.39690095683895465
            },
            "CHECK_JOULE_LAW": {
                "violation_proportion": 0.9939913583815029,
                "mae": 2.1633802353861618,
                "wmape": 0.9521620984290582
            }
        },
        "IndRed": {}
    }
}