{
    "_attr_tau": [
        "line_status",
        "topo_vect"
    ],
    "_attr_x": [
        "prod_p",
        "prod_v",
        "load_p",
        "load_q"
    ],
    "_attr_y": [
        "a_or",
        "a_ex",
        "p_or",
        "p_ex",
        "v_or",
        "v_ex"
    ],
    "_m_tau": [
        1.0,
        0
    ],
    "_m_x": [
        [
            78.14629364013672,
            76.48837280273438,
            23.27712059020996,
            5.138368606567383,
            2.937171459197998,
            76.39642333984375
        ],
        [
            142.4305419921875,
            142.4305419921875,
            22.0,
            22.0,
            13.23441219329834,
            142.4305419921875
        ],
        [
            21.54462242126465,
            93.73908233642578,
            47.57392501831055,
            7.562862396240234,
            11.099096298217773,
            29.32520294189453,
            8.938216209411621,
            3.46828293800354,
            6.073980331420898,
            13.449685096740723,
            14.784912109375
        ],
        [
            15.080821990966797,
            65.6197738647461,
            33.301326751708984,
            5.294037818908691,
            7.769705772399902,
            20.528074264526367,
            6.256925582885742,
            2.4277169704437256,
            4.2517924308776855,
            9.415050506591797,
            10.34924602508545
        ]
    ],
    "_m_y": [
        0.0,
        0.0,
        0.0,
        0.0,
        0.0,
        0.0
    ],
    "_sd_tau": [
        -1.0,
        1
    ],
    "_sd_x": [
        [
            8.620261192321777,
            8.440396308898926,
            13.926161766052246,
            8.205270767211914,
            4.736783027648926,
            9.063632011413574
        ],
        1.0,
        [
            1.9524567127227783,
            8.855652809143066,
            4.750125408172607,
            0.8104449510574341,
            0.9762458205223083,
            2.7114408016204834,
            1.0125354528427124,
            0.4763048589229584,
            0.73419189453125,
            1.606698989868164,
            1.4748986959457397
        ],
        [
            1.3967374563217163,
            6.2299699783325195,
            3.3535759449005127,
            0.5980106592178345,
            0.7135098576545715,
            1.9283251762390137,
            0.739490807056427,
            0.3643380403518677,
            0.5444527864456177,
            1.1546376943588257,
            1.0624597072601318
        ]
    ],
    "_sd_y": [
        [
            55.67683029174805,
            54.78170394897461,
            35.906494140625,
            51.766265869140625,
            46.05851745605469,
            27.463659286499023,
            54.982696533203125,
            166.64739990234375,
            147.041015625,
            182.2503662109375,
            160.0858612060547,
            129.4102325439453,
            149.8815460205078,
            146.8024444580078,
            113.18575286865234,
            34.891929626464844,
            24.34111976623535,
            48.697513580322266,
            150.00477600097656,
            226.70018005371094
        ],
        [
            55.68961715698242,
            54.41211700439453,
            35.36973190307617,
            51.00649642944336,
            46.25291442871094,
            27.381071090698242,
            54.982696533203125,
            166.64739990234375,
            147.041015625,
            182.2503662109375,
            160.0858612060547,
            129.4102325439453,
            149.8815460205078,
            146.8024444580078,
            113.18575286865234,
            335.4667053222656,
            162.1889190673828,
            312.64630126953125,
            174.99063110351562,
            323.81036376953125
        ],
        [
            44.43663024902344,
            41.82841110229492,
            28.115657806396484,
            44.07482147216797,
            37.984344482421875,
            16.35011100769043,
            30.761659622192383,
            6.0790581703186035,
            2.020942211151123,
            28.743436813354492,
            5.716335296630859,
            5.024286270141602,
            2.6949167251586914,
            3.6887881755828857,
            10.54912281036377,
            39.84062194824219,
            1.0,
            39.34343719482422,
            1.0,
            39.84062194824219
        ],
        [
            44.07482147216797,
            40.932376861572266,
            27.750112533569336,
            42.995216369628906,
            37.20400619506836,
            16.083744049072266,
            30.8929443359375,
            5.952584266662598,
            1.911211609840393,
            28.23215103149414,
            5.705082893371582,
            4.960556983947754,
            2.752584218978882,
            3.7830278873443604,
            10.33944320678711,
            39.84062194824219,
            1.0,
            39.34343719482422,
            1.0,
            39.84062194824219
        ],
        [
            137.0651092529297,
            137.1591796875,
            137.0675048828125,
            136.67506408691406,
            137.0862274169922,
            137.20046997070312,
            133.1185760498047,
            21.19502067565918,
            21.1953125,
            21.193185806274414,
            20.182411193847656,
            20.19287109375,
            20.197643280029297,
            20.683120727539062,
            20.536935806274414,
            133.06883239746094,
            133.06045532226562,
            134.73892211914062,
            14.81026840209961,
            20.2042179107666
        ],
        [
            136.68521118164062,
            134.0276336669922,
            137.0675048828125,
            133.12002563476562,
            134.7045135498047,
            133.20228576660156,
            133.88514709472656,
            20.659772872924805,
            20.71274757385254,
            20.608531951904297,
            20.17953109741211,
            19.80974578857422,
            20.592369079589844,
            20.556522369384766,
            19.80097198486328,
            14.248083114624023,
            20.182708740234375,
            21.1949462890625,
            13.23441219329834,
            14.254262924194336
        ]
    ]
}