{
    "train_losses": [
        0.58709359375
    ],
    "train_metrics": {
        "MAELoss": [
            0.37407798312822976
        ]
    },
    "val_losses": [
        0.5763965546798706
    ],
    "val_metrics": {
        "MAELoss": [
            0.3756707794857025
        ]
    }
}